{
  "lang":"ru",
  "name":"pipeline",
  "version":"0.0.0",
  "spacy_version":">=3.7.4,<3.8.0",
  "description":"",
  "author":"",
  "email":"",
  "url":"",
  "license":"",
  "spacy_git_version":"bff8725f4",
  "vectors":{
    "width":0,
    "vectors":0,
    "keys":0,
    "name":null,
    "mode":"default"
  },
  "labels":{
    "tok2vec":[

    ],
    "ner":[
      "BIRTHDAY",
      "BIRTH_CERTIFICATE",
      "DEATH_DATE",
      "PASSPORT",
      "PASSPORT_DATE",
      "PER",
      "PLACE_OF_RESIDENCE",
      "PLACE_PASSPORT",
      "REGISTRATION_ADDRESS"
    ]
  },
  "pipeline":[
    "tok2vec",
    "ner"
  ],
  "components":[
    "tok2vec",
    "ner"
  ],
  "disabled":[

  ],
  "performance":{
    "ents_f":0.751604033,
    "ents_p":0.8118811881,
    "ents_r":0.6996587031,
    "ents_per_type":{
      "PER":{
        "p":0.83,
        "r":0.7033898305,
        "f":0.7614678899
      },
      "BIRTHDAY":{
        "p":1.0,
        "r":0.8787878788,
        "f":0.935483871
      },
      "PASSPORT_DATE":{
        "p":0.9264705882,
        "r":0.9264705882,
        "f":0.9264705882
      },
      "PLACE_PASSPORT":{
        "p":0.7611940299,
        "r":0.8360655738,
        "f":0.796875
      },
      "PLACE_OF_RESIDENCE":{
        "p":0.6612903226,
        "r":0.4939759036,
        "f":0.5655172414
      },
      "REGISTRATION_ADDRESS":{
        "p":0.6323529412,
        "r":0.4056603774,
        "f":0.4942528736
      },
      "PASSPORT":{
        "p":0.8823529412,
        "r":0.8955223881,
        "f":0.8888888889
      },
      "BIRTH_CERTIFICATE":{
        "p":1.0,
        "r":1.0,
        "f":1.0
      },
      "DEATH_DATE":{
        "p":0.7692307692,
        "r":0.625,
        "f":0.6896551724
      }
    },
    "tok2vec_loss":596.786490544,
    "ner_loss":625.2964426767
  }
}