{
  "lang":"ru",
  "name":"pipeline",
  "version":"0.0.0",
  "spacy_version":">=3.7.4,<3.8.0",
  "description":"",
  "author":"",
  "email":"",
  "url":"",
  "license":"",
  "spacy_git_version":"bff8725f4",
  "vectors":{
    "width":0,
    "vectors":0,
    "keys":0,
    "name":null,
    "mode":"default"
  },
  "labels":{
    "tok2vec":[

    ],
    "ner":[
      "BIRTHDAY",
      "DATE_DEATH",
      "NEW_JURISDICTION",
      "OLD_JURISDICTION",
      "PASSPORT",
      "PER",
      "PLACE_OF_RESIDENCE",
      "REGISTRATION_ADDRESS",
      "SNILS"
    ]
  },
  "pipeline":[
    "tok2vec",
    "ner"
  ],
  "components":[
    "tok2vec",
    "ner"
  ],
  "disabled":[

  ],
  "performance":{
    "ents_f":0.9044414536,
    "ents_p":0.9130434783,
    "ents_r":0.896,
    "ents_per_type":{
      "OLD_JURISDICTION":{
        "p":0.9222222222,
        "r":0.9325842697,
        "f":0.9273743017
      },
      "PER":{
        "p":0.8985507246,
        "r":0.8493150685,
        "f":0.8732394366
      },
      "BIRTHDAY":{
        "p":0.935483871,
        "r":1.0,
        "f":0.9666666667
      },
      "REGISTRATION_ADDRESS":{
        "p":0.9682539683,
        "r":0.953125,
        "f":0.9606299213
      },
      "PASSPORT":{
        "p":0.92,
        "r":0.9583333333,
        "f":0.9387755102
      },
      "PLACE_OF_RESIDENCE":{
        "p":0.9032258065,
        "r":0.8484848485,
        "f":0.875
      },
      "DATE_DEATH":{
        "p":0.7916666667,
        "r":1.0,
        "f":0.8837209302
      },
      "NEW_JURISDICTION":{
        "p":0.5,
        "r":0.1538461538,
        "f":0.2352941176
      },
      "SNILS":{
        "p":0.0,
        "r":0.0,
        "f":0.0
      }
    },
    "tok2vec_loss":928.3118214995,
    "ner_loss":297.9446110966
  }
}