{
  "lang":"ru",
  "name":"pipeline",
  "version":"0.0.0",
  "spacy_version":">=3.7.4,<3.8.0",
  "description":"",
  "author":"",
  "email":"",
  "url":"",
  "license":"",
  "spacy_git_version":"bff8725f4",
  "vectors":{
    "width":0,
    "vectors":0,
    "keys":0,
    "name":null,
    "mode":"default"
  },
  "labels":{
    "tok2vec":[

    ],
    "ner":[
      "ACCRUAL_DEBT",
      "BIRTHDAY",
      "COURT_NUMBER",
      "COURT_ORDER_DATE",
      "DATE_PASSPORT",
      "INN",
      "OH_ADDRESS",
      "ORDER_NUMBER",
      "PASSPORT",
      "PENALTY_DEBT",
      "PER",
      "PERIOD_OF_INDEBTEDNESS",
      "PLACE_OF_RESIDENCE",
      "PLACE_PASSPORT",
      "REGISTRATION_ADDRESS",
      "SNILS",
      "STATE_DUTY_DEBT",
      "TOTAL_DEBT"
    ]
  },
  "pipeline":[
    "tok2vec",
    "ner"
  ],
  "components":[
    "tok2vec",
    "ner"
  ],
  "disabled":[

  ],
  "performance":{
    "ents_f":0.8540870894,
    "ents_p":0.8444108761,
    "ents_r":0.8639876352,
    "ents_per_type":{
      "COURT_NUMBER":{
        "p":0.9777777778,
        "r":0.9777777778,
        "f":0.9777777778
      },
      "COURT_ORDER_DATE":{
        "p":0.9777777778,
        "r":0.9777777778,
        "f":0.9777777778
      },
      "ORDER_NUMBER":{
        "p":0.9782608696,
        "r":1.0,
        "f":0.989010989
      },
      "PASSPORT":{
        "p":0.9714285714,
        "r":0.9714285714,
        "f":0.9714285714
      },
      "PER":{
        "p":1.0,
        "r":1.0,
        "f":1.0
      },
      "BIRTHDAY":{
        "p":0.9574468085,
        "r":1.0,
        "f":0.9782608696
      },
      "PLACE_OF_RESIDENCE":{
        "p":0.914893617,
        "r":0.9555555556,
        "f":0.9347826087
      },
      "REGISTRATION_ADDRESS":{
        "p":1.0,
        "r":0.8888888889,
        "f":0.9411764706
      },
      "INN":{
        "p":1.0,
        "r":1.0,
        "f":1.0
      },
      "OH_ADDRESS":{
        "p":0.8085106383,
        "r":0.9047619048,
        "f":0.8539325843
      },
      "PERIOD_OF_INDEBTEDNESS":{
        "p":0.9782608696,
        "r":1.0,
        "f":0.989010989
      },
      "ACCRUAL_DEBT":{
        "p":0.3863636364,
        "r":0.3777777778,
        "f":0.3820224719
      },
      "PENALTY_DEBT":{
        "p":0.4166666667,
        "r":0.4545454545,
        "f":0.4347826087
      },
      "STATE_DUTY_DEBT":{
        "p":0.5333333333,
        "r":0.5333333333,
        "f":0.5333333333
      },
      "TOTAL_DEBT":{
        "p":0.972972973,
        "r":0.972972973,
        "f":0.972972973
      },
      "DATE_PASSPORT":{
        "p":0.875,
        "r":1.0,
        "f":0.9333333333
      },
      "PLACE_PASSPORT":{
        "p":1.0,
        "r":1.0,
        "f":1.0
      },
      "SNILS":{
        "p":0.6,
        "r":1.0,
        "f":0.75
      }
    },
    "tok2vec_loss":399.3897776736,
    "ner_loss":610.3508892057
  }
}