{
  "lang":"ru",
  "name":"pipeline",
  "version":"0.0.0",
  "spacy_version":">=3.7.4,<3.8.0",
  "description":"",
  "author":"",
  "email":"",
  "url":"",
  "license":"",
  "spacy_git_version":"bff8725f4",
  "vectors":{
    "width":0,
    "vectors":0,
    "keys":0,
    "name":null,
    "mode":"default"
  },
  "labels":{
    "tok2vec":[

    ],
    "ner":[
      "BIRTHDAY",
      "BIRTH_CERTIFICATE",
      "CADASTRAL_NUMBER",
      "GOVERNMENT_AGENCY",
      "INN",
      "LOC",
      "NOT_EGRN",
      "OGRN",
      "ORG",
      "PASSPORT",
      "PASSPORT_DATE",
      "PER",
      "PLACE_PASSPORT",
      "REGISTRATION_ADDRESS",
      "SHARED_OWNERSHIP",
      "SNILS",
      "START_DATE_OF_OWNERSHIP"
    ]
  },
  "pipeline":[
    "tok2vec",
    "ner"
  ],
  "components":[
    "tok2vec",
    "ner"
  ],
  "disabled":[

  ],
  "performance":{
    "ents_f":0.9217046581,
    "ents_p":0.9090909091,
    "ents_r":0.9346733668,
    "ents_per_type":{
      "LOC":{
        "p":0.875,
        "r":0.8235294118,
        "f":0.8484848485
      },
      "PER":{
        "p":1.0,
        "r":0.9811320755,
        "f":0.9904761905
      },
      "BIRTHDAY":{
        "p":0.9905660377,
        "r":0.9905660377,
        "f":0.9905660377
      },
      "SNILS":{
        "p":0.9807692308,
        "r":0.9714285714,
        "f":0.976076555
      },
      "PASSPORT":{
        "p":0.9523809524,
        "r":0.987654321,
        "f":0.9696969697
      },
      "PASSPORT_DATE":{
        "p":0.9906542056,
        "r":1.0,
        "f":0.9953051643
      },
      "PLACE_PASSPORT":{
        "p":0.8,
        "r":0.8380952381,
        "f":0.8186046512
      },
      "REGISTRATION_ADDRESS":{
        "p":0.75,
        "r":0.75,
        "f":0.75
      },
      "START_DATE_OF_OWNERSHIP":{
        "p":0.8017241379,
        "r":0.9893617021,
        "f":0.8857142857
      },
      "CADASTRAL_NUMBER":{
        "p":0.7714285714,
        "r":0.7297297297,
        "f":0.75
      },
      "GOVERNMENT_AGENCY":{
        "p":0.7,
        "r":0.7,
        "f":0.7
      },
      "SHARED_OWNERSHIP":{
        "p":0.9833333333,
        "r":1.0,
        "f":0.9915966387
      },
      "BIRTH_CERTIFICATE":{
        "p":0.9230769231,
        "r":0.9230769231,
        "f":0.9230769231
      },
      "ORG":{
        "p":0.6,
        "r":0.75,
        "f":0.6666666667
      },
      "NOT_EGRN":{
        "p":1.0,
        "r":1.0,
        "f":1.0
      },
      "INN":{
        "p":1.0,
        "r":1.0,
        "f":1.0
      },
      "OGRN":{
        "p":1.0,
        "r":1.0,
        "f":1.0
      }
    },
    "tok2vec_loss":866.737946617,
    "ner_loss":497.9306713958
  }
}